id,first_name,last_name,state_id,birthday,age,gender_id,acct_created_date
1,Brittany,Juarez,21,1958-10-19,58,2,2010-12-14
2,Katherine,Reynolds,26,1995-05-06,21,2,2007-12-16
3,Linda,May,20,1971-05-23,45,2,2006-04-11
4,Joanne,Bryant,33,1981-11-19,35,2,2001-09-17
5,James,Johnson,35,1966-12-27,50,1,2002-02-13
6,Charles,Brown,9,1987-07-16,29,1,2005-03-17
7,Emma,Rodgers,15,1963-09-17,53,2,2007-03-25
8,Michele,Cunningham,19,1957-11-24,59,2,2010-12-17
9,George,Roberts,35,1985-05-18,31,1,2013-09-17
10,Judy,Dominguez,14,1954-02-01,63,2,2005-03-02
11,Salvador,Watson,23,1982-07-07,34,1,2008-09-30
12,Audrey,Edwards,42,1965-01-02,52,2,2006-08-06
13,Cynthia,Fleming,1,1958-07-17,58,2,2001-02-25
14,Andrew,Lewis,34,1981-10-16,35,1,2007-06-26
15,Edith,West,6,1960-08-07,56,2,2012-07-26
16,Ben,Thomas,18,1996-05-04,20,1,2010-03-08
17,Rosemary,Gilbert,25,1991-03-30,25,2,2002-08-13
18,Elizabeth,Snider,32,1982-11-18,34,2,2009-11-19
19,Julia,Christensen,33,1992-08-04,24,2,2004-11-23
20,David,Ferguson,18,1955-08-10,61,1,2005-06-03
21,Henry,Rogers,2,1956-06-02,60,1,2000-04-12
22,Carolyn,Bailey,14,1954-08-21,62,2,2011-01-06
23,Rachel,James,43,1952-11-25,64,2,2011-11-28
24,Judith,Keith,42,1997-02-08,20,2,2011-09-01
25,Alta,Miller,47,1964-02-16,53,2,2009-09-24
26,George,Moore,19,1994-02-07,23,1,2015-06-17
27,Russell,Dean,20,1964-06-10,52,1,2007-06-08
28,Lisa,Jackson,30,1977-06-12,39,2,2012-06-20
29,Dino,Smith,37,1971-09-21,45,1,2004-08-02
30,George,Rodriguez,42,1951-08-25,65,1,2005-01-24
31,Patrica,Velazquez,49,1984-02-07,33,2,2015-03-31
32,Craig,Lewis,19,1984-07-27,32,1,2003-06-26
33,Gina,Butler,50,1966-11-29,50,2,2009-02-18
34,Teresa,Hunter,39,1965-04-20,51,2,2014-09-02
35,Thomas,Jones,9,1974-02-28,43,1,2014-02-17
36,Frances,Nelson,30,1968-07-31,48,2,2011-01-07
37,William,Morris,47,1967-07-20,49,1,2012-06-26
38,Julie,Martin,27,1981-07-15,35,2,2009-05-25
39,Richard,Wolf,4,1952-11-04,64,1,2010-05-17
40,Kathleen,Schneider,10,1976-06-12,40,2,2013-10-14
41,Abraham,Cline,9,1988-01-27,29,1,2000-04-07
42,Michelle,Weaver,20,1984-10-07,32,2,2002-11-30
43,Daniel,Britt,38,1990-07-02,26,1,2001-12-18
44,Rhonda,Stephens,31,1997-10-30,19,2,2011-08-19
45,Cristina,Rose,15,1974-07-23,42,2,2014-01-11
46,Morgan,Martinez,28,1981-02-04,36,1,2010-01-04
47,Kevin,Hammond,9,1995-04-20,21,1,2012-11-29
48,Christine,Lewis,24,1995-08-29,21,2,2014-04-28
49,Dean,Norton,41,1955-03-02,62,1,2006-05-12
50,Joshua,Owens,10,1955-02-09,62,1,2000-03-21
51,Keith,Lopez,10,1953-03-22,63,1,2002-11-27
52,Jordan,Garcia,14,1974-08-26,42,2,2014-12-01
53,Ronald,Todd,46,2002-10-30,14,1,2014-01-11
54,Amy,Hale,37,1994-02-17,23,2,2008-08-10
55,Gordon,Burnett,47,1965-10-13,51,1,2003-09-02
56,Micheal,Snow,42,1960-07-13,56,1,2007-10-28
57,Sandra,Green,31,1989-05-18,27,2,2015-03-19
58,Heather,Allen,31,1991-03-07,25,2,2010-01-26
59,Donald,Conway,11,1970-08-27,46,1,2012-04-23
60,Clay,Wright,48,1951-07-25,65,1,2002-08-19
61,Pamela,Johnson,2,2001-06-15,15,2,2015-09-11
62,Kathleen,Mcdowell,16,1984-11-06,32,2,2013-10-09
63,David,Thornton,27,1992-09-08,24,1,2005-11-22
64,Anna,Ward,46,1995-11-02,21,2,2009-11-18
65,Christopher,Manning,44,1984-02-19,33,1,2005-11-07
66,Emily,White,37,1988-12-10,28,2,2015-05-17
67,Eloise,Bailey,20,1984-08-11,32,2,2007-12-11
68,Vanessa,Wilson,9,1954-03-02,63,2,2008-09-21
69,Maryann,Rose,23,1990-08-29,26,2,2002-05-10
70,Charles,Mooney,24,1996-04-21,20,1,2014-09-27
71,Jeanne,Torres,39,1966-02-10,51,2,2000-12-22
72,Carrie,Shaw,37,1971-01-16,46,2,2011-07-25
73,Wilfredo,Scott,4,1978-03-30,38,1,2009-10-08
74,Bertha,Watson,45,1972-12-12,44,2,2007-05-28
75,Rene,Cortez,5,1951-10-28,65,1,2014-01-13
76,Janet,Warren,49,1978-07-26,38,2,2012-04-22
77,Cynthia,Robinson,26,1985-02-28,32,2,2005-09-03
78,Cheryl,Quinn,17,1952-02-13,65,2,2012-08-16
79,Sadie,Daniel,42,1986-02-04,31,2,2011-12-01
80,Jon,Craft,45,1958-11-26,58,1,2009-11-11
81,Misty,Davis,15,1973-01-20,44,2,2000-06-18
82,Isabel,Sloan,9,1974-08-26,42,2,2012-12-03
83,Dwight,Powers,23,1982-12-28,34,1,2006-04-26
84,Laura,Robinson,42,1974-05-15,42,2,2009-12-30
85,Suzanne,Bryant,31,1997-01-16,20,2,2015-12-30
86,Shirley,Gutierrez,37,1991-01-02,26,2,2002-11-27
87,Paul,Delgado,36,1982-10-02,34,1,2009-02-14
88,Mary,Blake,34,1998-01-07,19,2,2010-12-25
89,Manuel,Tillman,44,1950-04-10,66,1,2003-02-08
90,Thomas,Webb,13,1987-02-28,30,1,2005-12-19
91,Leroy,Randolph,46,1980-02-22,37,1,2011-01-16
92,Jill,Chapman,33,1997-02-03,20,2,2014-04-28
93,Mary,Sanders,25,2001-06-09,15,2,2015-09-26
94,Winston,Vaughan,39,1996-03-31,20,1,2006-03-25
95,Helen,Taylor,50,1961-10-24,55,2,2007-10-05
96,Ralph,Short,6,2004-02-08,13,1,2015-08-27
97,Amy,Boyd,18,1998-10-17,18,2,2011-07-04
98,Ruby,Brown,35,1998-07-20,18,2,2013-04-14
99,Marcella,Adkins,34,2002-05-06,14,2,2015-11-10
100,David,Munoz,24,1982-11-15,34,1,2013-09-29
